{
    "lefthip": {
        "min": 0.8970614678050043,
        "max": 1.101747779165089,
        "avg": 0.9999999999999952
    },
    "leftknee": {
        "min": 0.9432155056060203,
        "max": 1.0715619243080714,
        "avg": 1.0000000000000209
    },
    "leftfoot": {
        "min": 0.9719145247396518,
        "max": 1.03984844831773,
        "avg": 0.9999999999999865
    },
    "righthip": {
        "min": 0.897061467805004,
        "max": 1.1017477791650891,
        "avg": 0.9999999999999952
    },
    "rightknee": {
        "min": 0.943214108628183,
        "max": 1.0715752821642148,
        "avg": 1.0000000000000322
    },
    "rightfoot": {
        "min": 0.9719175476226901,
        "max": 1.0398487064410173,
        "avg": 0.9999999999999681
    },
    "leftshoulder": {
        "min": 0.6875811066941416,
        "max": 1.2675452566776266,
        "avg": 1.0000000000000193
    },
    "leftelbow": {
        "min": 0.9361596901799041,
        "max": 1.0650352275102568,
        "avg": 1.0000000000000184
    },
    "leftwrist": {
        "min": 0.9793984497462243,
        "max": 1.0345008280926855,
        "avg": 1.0000000000000129
    },
    "rightshoulder": {
        "min": 0.6875811066941415,
        "max": 1.2675452566776266,
        "avg": 1.0000000000000189
    },
    "rightelbow": {
        "min": 0.9361479986730855,
        "max": 1.0650259574512557,
        "avg": 0.9999999999999757
    },
    "rightwrist": {
        "min": 0.9794010906372873,
        "max": 1.0345013961418572,
        "avg": 0.9999999999999805
    },
    "neck": {
        "min": 0.7903394818030512,
        "max": 1.3117715358877007,
        "avg": 0.9999999999999962
    }
}