{
    "max_pos": 21.159127024733273,
    "max_angle": 3.141592653589793,
    "avg_bone_len": {
        "lefthip": 1.4351978686418398,
        "leftknee": 4.899687057755356,
        "leftfoot": 4.862954115540582,
        "righthip": 1.4351978686418398,
        "rightknee": 4.89969824437724,
        "rightfoot": 4.862957459477736,
        "leftshoulder": 1.5603656524353646,
        "leftelbow": 3.0497234324797406,
        "leftwrist": 2.6902390634361413,
        "rightshoulder": 1.560365652435365,
        "rightelbow": 3.0497478844275654,
        "rightwrist": 2.690236082456781,
        "neck": 4.714446773985139
    }
}